30 de zile,45 de zile,60 de zile,100 de zile
Transport - 44164.144531$,Transport - 44164.144531$,Transport - 44164.144531$,Transport - 44164.144531$
Cazare - 970172.750000$,Cazare - 1455259.125000$,Cazare - 1940345.500000$,Cazare - 3233909.250000$
Machiaj - 390032.375000$,Machiaj - 585048.562500$,Machiaj - 780064.750000$,Machiaj - 1300108.000000$
Mancare si apa - 348738.656250$,Mancare si apa - 523107.968750$,Mancare si apa - 697477.312500$,Mancare si apa - 1162462.125000$
Inchiriere spatiu - 63498.917969$,Inchiriere spatiu - 84665.226562$,Inchiriere spatiu - 126997.835938$,Inchiriere spatiu - 211663.062500$
