30 days,45 days,60 days,100 days
Transport - 44164.144531$,Transport - 44164.144531$,Transport - 44164.144531$,Transport - 44164.144531$
Accommodation - 970172.750000$,Accommodation - 1455259.125000$,Accommodation - 1940345.500000$,Accommodation - 3233909.250000$
Makeup - 356572.343750$,Makeup - 534858.500000$,Makeup - 713144.687500$,Makeup - 1188574.500000$
Food and drinks - 347403.875000$,Food and drinks - 521105.812500$,Food and drinks - 694807.750000$,Food and drinks - 1158012.875000$
Space rental - 63498.917969$,Space rental - 84665.226562$,Space rental - 126997.835938$,Space rental - 211663.062500$
